index,tag
0,คอมพิวเตอร์และเทคโนโลยี
1,ทักษะชีวิตและการพัฒนาตนเอง
2,ธุรกิจและการบริหารจัดการ
3,สังคม การเมืองการปกครอง
4,ธุรกิจและการบริหารจัดการ
5,คอมพิวเตอร์และเทคโนโลยี
6,คอมพิวเตอร์และเทคโนโลยี|ธุรกิจและการบริหารจัดการ
7,ธุรกิจและการบริหารจัดการ
8,ทักษะชีวิตและการพัฒนาตนเอง
9,สังคม การเมืองการปกครอง
10,ธุรกิจและการบริหารจัดการ
11,การศึกษาและการฝึกอบรม
12,สุขภาพและการแพทย์
13,ธุรกิจและการบริหารจัดการ|สังคม การเมืองการปกครอง
14,ธุรกิจและการบริหารจัดการ
15,สุขภาพและการแพทย์
16,เกษตรและสิ่งแวดล้อม
17,การศึกษาและการฝึกอบรม
18,ธุรกิจและการบริหารจัดการ
19,คอมพิวเตอร์และเทคโนโลยี
20,ธุรกิจและการบริหารจัดการ
21,ธุรกิจและการบริหารจัดการ
22,ภาษาและการสื่อสาร|ศิลปวัฒนธรรมและศาสนา
23,เกษตรและสิ่งแวดล้อม
24,เกษตรและสิ่งแวดล้อม
25,ธุรกิจและการบริหารจัดการ
26,สุขภาพและการแพทย์
27,สุขภาพและการแพทย์
28,ภาษาและการสื่อสาร
29,การศึกษาและการฝึกอบรม
30,คณิตศาสตร์และวิทยาศาสตร์
31,ธุรกิจและการบริหารจัดการ
32,การศึกษาและการฝึกอบรม
33,คอมพิวเตอร์และเทคโนโลยี
34,ศิลปวัฒนธรรมและศาสนา|สังคม การเมืองการปกครอง
35,เกษตรและสิ่งแวดล้อม
36,คอมพิวเตอร์และเทคโนโลยี
37,ทักษะชีวิตและการพัฒนาตนเอง
38,คอมพิวเตอร์และเทคโนโลยี
39,คอมพิวเตอร์และเทคโนโลยี
40,การศึกษาและการฝึกอบรม
41,คอมพิวเตอร์และเทคโนโลยี
42,การศึกษาและการฝึกอบรม
43,วิศวกรรมและสถาปัตยกรรม
44,ทักษะชีวิตและการพัฒนาตนเอง
45,คอมพิวเตอร์และเทคโนโลยี
46,ภาษาและการสื่อสาร
47,ทักษะชีวิตและการพัฒนาตนเอง
48,ทักษะชีวิตและการพัฒนาตนเอง
49,การศึกษาและการฝึกอบรม
50,การศึกษาและการฝึกอบรม
51,คอมพิวเตอร์และเทคโนโลยี
52,ทักษะชีวิตและการพัฒนาตนเอง
53,ทักษะชีวิตและการพัฒนาตนเอง
54,ธุรกิจและการบริหารจัดการ|วิศวกรรมและสถาปัตยกรรม
55,ธุรกิจและการบริหารจัดการ
56,คอมพิวเตอร์และเทคโนโลยี
57,ภาษาและการสื่อสาร
58,คอมพิวเตอร์และเทคโนโลยี
59,สังคม การเมืองการปกครอง
60,การศึกษาและการฝึกอบรม
61,การศึกษาและการฝึกอบรม
62,สุขภาพและการแพทย์
63,ธุรกิจและการบริหารจัดการ
64,คอมพิวเตอร์และเทคโนโลยี
65,สุขภาพและการแพทย์
66,วิศวกรรมและสถาปัตยกรรม|เกษตรและสิ่งแวดล้อม
67,ธุรกิจและการบริหารจัดการ
68,สุขภาพและการแพทย์
69,ศิลปวัฒนธรรมและศาสนา|อาหารและโภชนาการ
70,สุขภาพและการแพทย์
71,การศึกษาและการฝึกอบรม
72,ทักษะชีวิตและการพัฒนาตนเอง|ธุรกิจและการบริหารจัดการ
73,การศึกษาและการฝึกอบรม
74,คอมพิวเตอร์และเทคโนโลยี
75,คอมพิวเตอร์และเทคโนโลยี
76,คอมพิวเตอร์และเทคโนโลยี
77,สุขภาพและการแพทย์
78,ภาษาและการสื่อสาร
79,ธุรกิจและการบริหารจัดการ
80,การศึกษาและการฝึกอบรม
81,การศึกษาและการฝึกอบรม|สังคม การเมืองการปกครอง
82,ภาษาและการสื่อสาร
83,สุขภาพและการแพทย์
84,ธุรกิจและการบริหารจัดการ
85,ทักษะชีวิตและการพัฒนาตนเอง|ธุรกิจและการบริหารจัดการ
86,การศึกษาและการฝึกอบรม
87,การศึกษาและการฝึกอบรม
88,ศิลปวัฒนธรรมและศาสนา
89,คอมพิวเตอร์และเทคโนโลยี
90,ธุรกิจและการบริหารจัดการ
91,สุขภาพและการแพทย์
92,การศึกษาและการฝึกอบรม
93,วิศวกรรมและสถาปัตยกรรม
94,สุขภาพและการแพทย์
95,วิศวกรรมและสถาปัตยกรรม|เกษตรและสิ่งแวดล้อม
96,ทักษะชีวิตและการพัฒนาตนเอง
97,การศึกษาและการฝึกอบรม
98,การศึกษาและการฝึกอบรม
99,การศึกษาและการฝึกอบรม
100,การศึกษาและการฝึกอบรม
101,การศึกษาและการฝึกอบรม
102,ทักษะชีวิตและการพัฒนาตนเอง
103,ธุรกิจและการบริหารจัดการ
104,สังคม การเมืองการปกครอง
105,ศิลปวัฒนธรรมและศาสนา|อาหารและโภชนาการ
106,ศิลปวัฒนธรรมและศาสนา
107,สุขภาพและการแพทย์
108,ศิลปวัฒนธรรมและศาสนา
109,ทักษะชีวิตและการพัฒนาตนเอง
110,การศึกษาและการฝึกอบรม
111,สุขภาพและการแพทย์
112,ศิลปวัฒนธรรมและศาสนา
113,ภาษาและการสื่อสาร
114,คอมพิวเตอร์และเทคโนโลยี
115,คณิตศาสตร์และวิทยาศาสตร์|คอมพิวเตอร์และเทคโนโลยี
116,สังคม การเมืองการปกครอง
117,ธุรกิจและการบริหารจัดการ
118,คอมพิวเตอร์และเทคโนโลยี
119,ภาษาและการสื่อสาร|ศิลปวัฒนธรรมและศาสนา
120,คอมพิวเตอร์และเทคโนโลยี
121,สุขภาพและการแพทย์
122,ธุรกิจและการบริหารจัดการ
123,ธุรกิจและการบริหารจัดการ
124,คอมพิวเตอร์และเทคโนโลยี
125,ธุรกิจและการบริหารจัดการ
126,ภาษาและการสื่อสาร
127,คอมพิวเตอร์และเทคโนโลยี
128,ธุรกิจและการบริหารจัดการ
129,การศึกษาและการฝึกอบรม
130,ทักษะชีวิตและการพัฒนาตนเอง|ธุรกิจและการบริหารจัดการ
131,คอมพิวเตอร์และเทคโนโลยี
132,ภาษาและการสื่อสาร
133,คอมพิวเตอร์และเทคโนโลยี
134,คอมพิวเตอร์และเทคโนโลยี
135,วิศวกรรมและสถาปัตยกรรม
136,สุขภาพและการแพทย์
137,ภาษาและการสื่อสาร
138,ทักษะชีวิตและการพัฒนาตนเอง|ธุรกิจและการบริหารจัดการ
139,ภาษาและการสื่อสาร
140,การศึกษาและการฝึกอบรม
141,ภาษาและการสื่อสาร
142,ทักษะชีวิตและการพัฒนาตนเอง
143,สังคม การเมืองการปกครอง
144,ทักษะชีวิตและการพัฒนาตนเอง|ธุรกิจและการบริหารจัดการ
145,ภาษาและการสื่อสาร
146,ทักษะชีวิตและการพัฒนาตนเอง
147,คอมพิวเตอร์และเทคโนโลยี
148,คอมพิวเตอร์และเทคโนโลยี
149,ธุรกิจและการบริหารจัดการ
150,คอมพิวเตอร์และเทคโนโลยี
151,สังคม การเมืองการปกครอง
152,ภาษาและการสื่อสาร
153,ทักษะชีวิตและการพัฒนาตนเอง|ธุรกิจและการบริหารจัดการ
154,คณิตศาสตร์และวิทยาศาสตร์
155,ภาษาและการสื่อสาร
156,ธุรกิจและการบริหารจัดการ
157,ศิลปวัฒนธรรมและศาสนา|อาหารและโภชนาการ
158,คอมพิวเตอร์และเทคโนโลยี
159,การศึกษาและการฝึกอบรม
160,ธุรกิจและการบริหารจัดการ
161,สุขภาพและการแพทย์
162,การศึกษาและการฝึกอบรม|ภาษาและการสื่อสาร
163,คอมพิวเตอร์และเทคโนโลยี
164,การศึกษาและการฝึกอบรม
165,การศึกษาและการฝึกอบรม
166,คณิตศาสตร์และวิทยาศาสตร์
167,คอมพิวเตอร์และเทคโนโลยี
168,ศิลปวัฒนธรรมและศาสนา|อาหารและโภชนาการ
169,สุขภาพและการแพทย์
170,คอมพิวเตอร์และเทคโนโลยี
171,เกษตรและสิ่งแวดล้อม
172,สังคม การเมืองการปกครอง
173,คอมพิวเตอร์และเทคโนโลยี
174,คอมพิวเตอร์และเทคโนโลยี
175,ศิลปวัฒนธรรมและศาสนา
176,คอมพิวเตอร์และเทคโนโลยี
177,ธุรกิจและการบริหารจัดการ
